{"last_tab":"16","grid_container":{"width":"1400px","units":"px"},"body_set_option":"2","body_image":{"url":"","id":"","height":"","width":"","thumbnail":""},"body_color":"#ffffff","back_to_top_btn":"yes","custom_color_switch":"no","primary_color":"","secondary_color":"","title_color":"","text_color":"","pages_select":["home-2","home-1"],"page_default_banner_image":{"url":"","id":"","height":"","width":"","thumbnail":""},"bg_image":"1","display_banner":"yes","display_breadcrumbs":"yes","display_title":"yes","breadcum_title_tag":"h2","bg_title_color":"","bg_type":"1","banner_image":{"url":"https:\/\/wordpress.iqonic.design\/product\/wp-free\/talkie\/wp-content\/themes\/talkie-theme\/assets\/images\/redux\/banner.png","id":"","height":"","width":"","thumbnail":""},"bg_color":"","bg_opacity":"1","opacity_color":{"color":"","alpha":"1","rgba":""},"header_layout":"default","header_container":"container","header_postion":"default","talkie_header_background_type":"default","talkie_header_background_color":"","talkie_header_background_image":{"url":"","id":"","height":"","width":"","thumbnail":""},"menu_color":"default","header_menu_color":"","hover_menu_color":"","header_submenu_color_type":"default","submenu_color":"","hover_submenu_color":"","submenu_background_color":"","hover_submenu_bg_color":"","burger_menu_button_type":"default","burger_menu_icon":"","burger_menu_popup_bg":"","burger_menu_color":"","burger_hover_menu_color":"","burger_submenu_color":"","header_display_button":"yes","header_search_text":"Search","button_color":"default","button_bg_color":"","display_sticky_header":"yes","sticky_header_bg":"default","sticky_header_bg_color":"","sticky_header_bg_img":{"url":"","id":"","height":"","width":"","thumbnail":""},"sticky_menu_color_type":"default","sticky_menu_color":"","sticky_menu_hover_color":"","sticky_header_submenu_color_type":"default","sticky_talkie_header_submenu_color":"","sticky_talkie_header_submenu_hover_color":"","sticky_talkie_header_submenu_background_color":"","sticky_header_submenu_background_hover_color":"","header_radio":"2","header_text":"talkie","header_color":"#ffffff","talkie_logo":{"url":"https:\/\/wordpress.iqonic.design\/product\/wp-free\/talkie\/wp-content\/themes\/talkie-theme\/assets\/images\/logo.png","id":"","height":"","width":"","thumbnail":""},"talkie_mobile_logo":{"url":"https:\/\/wordpress.iqonic.design\/product\/wp-free\/talkie\/wp-content\/themes\/talkie-theme\/assets\/images\/logo-white.png","id":"","height":"","width":"","thumbnail":""},"display_loader":"yes","loader_bg_color":"#ffffff","loader_gif":{"url":"https:\/\/wordpress.iqonic.design\/product\/wp-free\/talkie\/wp-content\/themes\/talkie-theme\/assets\/images\/redux\/loader.gif","id":"","height":"","width":"","thumbnail":""},"loader-dimensions":{"width":"","height":"","units":"px"},"search_page":"1","blog_default_banner_image":{"url":"https:\/\/wordpress.iqonic.design\/product\/wp-free\/talkie\/wp-content\/themes\/talkie-theme\/assets\/images\/redux\/banner.png","id":"","height":"","width":"","thumbnail":""},"blog_setting":"4","display_pagination":"yes","display_featured_image":"yes","blog_single_page_setting":"4","display_comment":"yes","404_banner_image":{"url":"https:\/\/wordpress.iqonic.design\/product\/wp-free\/talkie\/wp-content\/themes\/talkie-theme\/assets\/images\/redux\/404.png","id":"","height":"","width":"","thumbnail":""},"404_title":"Oops! This Page is Not Found.","404_description":"The requested page does not exist.","display_footer_bg_image":"no","logo_footer":{"url":"https:\/\/wordpress.iqonic.design\/product\/wp-free\/talkie\/wp-content\/themes\/talkie-theme\/assets\/images\/logo.png","id":"","height":"","width":"","thumbnail":""},"footer_bg_image":{"url":"https:\/\/wordpress.iqonic.design\/product\/wp-free\/talkie\/wp-content\/themes\/talkie-theme\/assets\/images\/redux\/footer-img.jpg","id":"","height":"","width":"","thumbnail":""},"change_footer_color":"0","footer_bg_color":"","footer_top":"yes","talkie_footer_width":"4","footer_one":"1","footer_two":"1","footer_three":"1","footer_four":"1","footer_five":"1","display_copyright":"yes","footer_copyright_align":"center","footer_copyright":"\u00a9 2022 talkie. All Rights Reserved.","redux-backup":1}